backend,tag,image,w,h,n,K,seed,iters,load_ms,seed_ms,lloyd_ms,write_ms,h2d_ms,d2h_ms
seq,O0,data/test_1024.png,1024,1024,1048576,16,42,30,34.7281,101.0456,2063.7144,0.6124,,
seq,O1,data/test_1024.png,1024,1024,1048576,16,42,30,28.2397,28.5360,473.4748,1.0435,,
seq,O2,data/test_1024.png,1024,1024,1048576,16,42,30,18.3276,21.7413,473.3192,1.0826,,
seq,O3,data/test_1024.png,1024,1024,1048576,16,42,30,20.8928,19.2642,477.1909,1.0817,,
seq,O3,data/test_512.png,512,512,262144,4,42,30,6.4008,1.1905,38.6454,0.4711,,
cuda,v1,data/test_512.png,512,512,262144,4,42,30,5.8461,1.1356,14.5406,0.3630,0.1584,0.1046
cuda,v2,data/test_512.png,512,512,262144,4,42,30,5.6847,1.1467,12.6269,0.4498,0.1540,0.1153
cuda,v3,data/test_512.png,512,512,262144,4,42,30,6.7813,2.1683,4.5486,0.3841,0.1581,0.1038
cuda,v4,data/test_512.png,512,512,262144,4,42,30,4.6218,1.1313,2.1177,0.3521,0.1558,0.1200
seq,O3,data/test_512.png,512,512,262144,8,42,30,6.2323,2.2562,66.5717,0.3603,,
cuda,v1,data/test_512.png,512,512,262144,8,42,30,5.6929,2.1607,10.8411,0.3831,0.1588,0.1019
cuda,v2,data/test_512.png,512,512,262144,8,42,30,6.3706,2.2190,10.6771,0.3696,0.1525,0.1042
cuda,v3,data/test_512.png,512,512,262144,8,42,30,6.8214,4.2312,3.9169,0.3745,0.1533,0.1029
cuda,v4,data/test_512.png,512,512,262144,8,42,30,4.6603,2.2298,2.3695,0.3701,0.1528,0.1035
seq,O3,data/test_512.png,512,512,262144,16,42,30,6.7598,6.5646,117.9158,0.3732,,
cuda,v1,data/test_512.png,512,512,262144,16,42,30,5.3883,4.4377,10.8666,0.3795,0.1512,0.1037
cuda,v2,data/test_512.png,512,512,262144,16,42,30,4.6552,4.2652,10.7172,0.3708,0.1504,0.1019
cuda,v3,data/test_512.png,512,512,262144,16,42,30,4.5673,4.2337,4.4142,0.3881,0.1497,0.1041
cuda,v4,data/test_512.png,512,512,262144,16,42,30,4.5150,4.3569,2.6489,0.3907,0.1525,0.1034
seq,O3,data/test_512.png,512,512,262144,32,42,30,6.7497,11.3718,237.3724,0.3665,,
cuda,v1,data/test_512.png,512,512,262144,32,42,30,6.7708,13.7899,11.1000,0.3866,0.1511,0.1078
cuda,v2,data/test_512.png,512,512,262144,32,42,30,6.7884,9.0370,10.9713,0.3815,0.1606,0.1041
cuda,v3,data/test_512.png,512,512,262144,32,42,30,4.6160,8.3242,4.9745,1.4125,0.1684,0.1064
cuda,v4,data/test_512.png,512,512,262144,32,42,30,4.7482,8.3473,3.6813,0.3785,0.1518,0.1013
seq,O3,data/test_512.png,512,512,262144,64,42,30,6.8263,22.1157,501.0172,0.4292,,
cuda,v1,data/test_512.png,512,512,262144,64,42,30,4.5477,16.7324,7.3625,0.3759,0.1506,0.1013
cuda,v2,data/test_512.png,512,512,262144,64,42,30,4.8491,16.9467,7.4257,0.4006,0.1539,0.1017
cuda,v3,data/test_512.png,512,512,262144,64,42,30,4.8361,16.9985,6.5224,0.3928,0.1514,0.1085
cuda,v4,data/test_512.png,512,512,262144,64,42,30,6.7765,20.2109,5.4619,0.3679,0.1507,0.1018
seq,O3,data/test_1024.png,1024,1024,1048576,4,42,30,20.1128,4.7617,150.3515,0.8860,,
cuda,v1,data/test_1024.png,1024,1024,1048576,4,42,30,24.1669,4.8356,40.8166,1.1384,0.5705,0.3407
cuda,v2,data/test_1024.png,1024,1024,1048576,4,42,30,17.7706,4.6193,40.5238,1.1624,0.5631,0.3258
cuda,v3,data/test_1024.png,1024,1024,1048576,4,42,30,20.4857,4.9109,12.6177,1.0831,0.5659,0.3372
cuda,v4,data/test_1024.png,1024,1024,1048576,4,42,30,23.6400,4.9543,3.8175,1.0570,0.5640,0.3304
seq,O3,data/test_1024.png,1024,1024,1048576,8,42,30,17.9945,10.5462,259.3612,1.0850,,
cuda,v1,data/test_1024.png,1024,1024,1048576,8,42,30,23.3687,10.0345,40.0015,1.1022,0.5664,0.3496
cuda,v2,data/test_1024.png,1024,1024,1048576,8,42,30,21.2124,10.2426,39.8234,1.1776,0.5790,0.3223
cuda,v3,data/test_1024.png,1024,1024,1048576,8,42,30,17.3288,10.0428,12.9433,1.1515,0.5659,0.3416
cuda,v4,data/test_1024.png,1024,1024,1048576,8,42,30,17.4995,9.8906,4.6376,1.1837,0.5646,0.3311
seq,O3,data/test_1024.png,1024,1024,1048576,16,42,30,21.2580,18.3127,473.1941,1.0667,,
cuda,v1,data/test_1024.png,1024,1024,1048576,16,42,30,22.4717,18.1765,40.4057,1.1436,0.5651,0.3279
cuda,v2,data/test_1024.png,1024,1024,1048576,16,42,30,18.6287,18.5896,40.2000,1.1406,0.5738,0.3324
cuda,v3,data/test_1024.png,1024,1024,1048576,16,42,30,20.4824,18.9188,14.2493,1.1453,0.6249,0.3377
cuda,v4,data/test_1024.png,1024,1024,1048576,16,42,30,20.9624,19.0331,6.1091,1.1813,0.5694,0.3350
seq,O3,data/test_1024.png,1024,1024,1048576,32,42,30,22.1471,37.3091,955.9967,1.2058,,
cuda,v1,data/test_1024.png,1024,1024,1048576,32,42,30,18.5842,36.1404,41.0024,1.1643,0.5646,0.3314
cuda,v2,data/test_1024.png,1024,1024,1048576,32,42,30,17.8911,36.1757,40.2908,1.2292,0.5643,0.3352
cuda,v3,data/test_1024.png,1024,1024,1048576,32,42,30,18.3175,36.1866,17.1767,1.1926,0.6069,0.3754
cuda,v4,data/test_1024.png,1024,1024,1048576,32,42,30,18.8707,36.3203,9.5827,1.1892,0.5719,0.3340
seq,O3,data/test_1024.png,1024,1024,1048576,64,42,30,18.3369,69.1479,1999.9545,1.1601,,
cuda,v1,data/test_1024.png,1024,1024,1048576,64,42,30,21.8334,69.3338,32.6308,1.1363,0.5730,0.3285
cuda,v2,data/test_1024.png,1024,1024,1048576,64,42,30,17.8172,66.9743,28.8852,1.1436,0.5689,0.3266
cuda,v3,data/test_1024.png,1024,1024,1048576,64,42,30,20.1760,67.4677,23.7568,1.1627,0.5660,0.3440
cuda,v4,data/test_1024.png,1024,1024,1048576,64,42,30,18.6726,66.6923,18.3359,1.1960,0.5620,0.3379
seq,O3,data/test_2048.png,2048,2048,4194304,4,42,26,65.7343,16.9927,522.0512,13.0481,,
cuda,v1,data/test_2048.png,2048,2048,4194304,4,42,26,64.6824,16.9658,140.9363,20.2605,1.7615,1.1308
cuda,v2,data/test_2048.png,2048,2048,4194304,4,42,26,65.6739,17.1510,140.9262,16.6124,1.7442,1.1275
cuda,v3,data/test_2048.png,2048,2048,4194304,4,42,26,66.6257,17.7792,42.1828,19.2619,1.7538,1.1358
cuda,v4,data/test_2048.png,2048,2048,4194304,4,42,26,68.6501,17.9405,9.3634,18.3302,1.7198,1.1514
seq,O3,data/test_2048.png,2048,2048,4194304,8,42,30,70.2486,36.9953,1047.5117,17.7813,,
cuda,v1,data/test_2048.png,2048,2048,4194304,8,42,30,69.5611,36.3159,160.0030,18.0807,1.7218,1.1423
cuda,v2,data/test_2048.png,2048,2048,4194304,8,42,30,69.0324,37.1012,159.5617,19.4953,1.7446,1.1281
cuda,v3,data/test_2048.png,2048,2048,4194304,8,42,30,67.8660,37.7505,49.8266,19.3150,1.7310,1.1656
cuda,v4,data/test_2048.png,2048,2048,4194304,8,42,30,71.1731,36.9023,13.1030,21.3646,1.7431,1.1601
seq,O3,data/test_2048.png,2048,2048,4194304,16,42,30,67.1572,73.9415,1888.4392,26.4553,,
cuda,v1,data/test_2048.png,2048,2048,4194304,16,42,30,73.7632,76.1643,158.6442,13.4557,1.7526,1.1472
cuda,v2,data/test_2048.png,2048,2048,4194304,16,42,30,66.1323,75.2077,158.3756,20.7249,1.7382,1.1319
cuda,v3,data/test_2048.png,2048,2048,4194304,16,42,30,68.3737,73.1410,55.1061,18.2528,1.7655,1.1486
cuda,v4,data/test_2048.png,2048,2048,4194304,16,42,30,64.0377,72.9538,22.1798,16.1624,1.7341,1.1721
seq,O3,data/test_2048.png,2048,2048,4194304,32,42,30,64.3250,142.7088,3771.7380,17.6795,,
cuda,v1,data/test_2048.png,2048,2048,4194304,32,42,30,72.0407,143.3621,158.3723,19.7598,1.7484,1.1460
cuda,v2,data/test_2048.png,2048,2048,4194304,32,42,30,67.1027,144.6016,157.9957,19.4951,1.7475,1.2035
cuda,v3,data/test_2048.png,2048,2048,4194304,32,42,30,68.7154,144.1291,67.0101,19.3875,1.7895,1.1548
cuda,v4,data/test_2048.png,2048,2048,4194304,32,42,30,67.8731,148.8348,37.4333,17.5792,3.1109,1.1316
seq,O3,data/test_2048.png,2048,2048,4194304,64,42,30,73.2330,286.2710,8053.1050,22.0312,,
cuda,v1,data/test_2048.png,2048,2048,4194304,64,42,30,70.5256,283.5370,105.1444,21.3118,1.7394,1.1501
cuda,v2,data/test_2048.png,2048,2048,4194304,64,42,30,68.7524,285.7250,112.2509,24.7784,1.7316,1.1959
cuda,v3,data/test_2048.png,2048,2048,4194304,64,42,30,67.7008,283.8024,94.4558,17.7791,1.7320,1.1458
cuda,v4,data/test_2048.png,2048,2048,4194304,64,42,30,67.8748,285.0794,68.4251,19.5251,1.8035,1.2527
seq,O3,data/test_4096.png,4096,4096,16777216,4,42,29,259.6193,78.4406,2473.0351,76.3819,,
cuda,v1,data/test_4096.png,4096,4096,16777216,4,42,29,271.1647,79.3996,619.2673,76.6465,6.9572,4.3826
cuda,v2,data/test_4096.png,4096,4096,16777216,4,42,29,259.4294,79.8166,617.8086,79.5125,6.9465,4.7897
cuda,v3,data/test_4096.png,4096,4096,16777216,4,42,29,264.3354,77.8823,182.4502,77.5966,7.1968,4.3504
cuda,v4,data/test_4096.png,4096,4096,16777216,4,42,29,264.2341,79.6399,41.3502,78.4771,6.3495,4.3945
seq,O3,data/test_4096.png,4096,4096,16777216,8,42,30,261.0754,163.6764,4153.2030,77.3154,,
cuda,v1,data/test_4096.png,4096,4096,16777216,8,42,30,261.2322,157.9908,629.7293,77.6439,6.5013,4.4334
cuda,v2,data/test_4096.png,4096,4096,16777216,8,42,30,260.5408,160.4897,629.1702,77.1101,6.4792,4.4828
cuda,v3,data/test_4096.png,4096,4096,16777216,8,42,30,261.1938,157.5844,195.3915,77.0825,6.6224,4.3434
cuda,v4,data/test_4096.png,4096,4096,16777216,8,42,30,259.0551,158.0761,55.7428,84.4427,6.5842,4.3897
seq,O3,data/test_4096.png,4096,4096,16777216,16,42,30,262.3557,333.8585,7731.8210,75.7397,,
cuda,v1,data/test_4096.png,4096,4096,16777216,16,42,30,263.6036,324.9713,628.8130,74.0204,6.7810,4.3454
cuda,v2,data/test_4096.png,4096,4096,16777216,16,42,30,265.0006,334.0183,628.4702,80.9105,6.4439,4.3756
cuda,v3,data/test_4096.png,4096,4096,16777216,16,42,30,268.3572,330.7056,217.7987,74.5263,6.4982,4.4162
cuda,v4,data/test_4096.png,4096,4096,16777216,16,42,30,263.6138,329.7987,81.9372,74.9990,6.4539,4.3888
seq,O3,data/test_4096.png,4096,4096,16777216,32,42,30,255.1314,628.9435,15215.7097,85.1002,,
cuda,v1,data/test_4096.png,4096,4096,16777216,32,42,30,261.2903,632.3580,631.5729,75.8007,6.3650,4.5361
cuda,v2,data/test_4096.png,4096,4096,16777216,32,42,30,262.9974,623.9254,631.6058,78.9635,6.5218,4.4401
cuda,v3,data/test_4096.png,4096,4096,16777216,32,42,30,263.1418,637.4706,264.2145,76.4621,6.4972,4.3760
cuda,v4,data/test_4096.png,4096,4096,16777216,32,42,30,258.4645,613.5973,142.3848,79.1542,6.6124,4.5877
seq,O3,data/test_4096.png,4096,4096,16777216,64,42,30,255.6509,1223.9988,31971.0127,76.2108,,
cuda,v1,data/test_4096.png,4096,4096,16777216,64,42,30,260.0159,1238.7167,407.3474,83.1070,6.4602,4.3533
cuda,v2,data/test_4096.png,4096,4096,16777216,64,42,30,254.7152,1223.8480,440.0697,75.4034,7.1873,4.4643
cuda,v3,data/test_4096.png,4096,4096,16777216,64,42,30,258.3706,1246.3359,373.4817,77.0596,6.4510,4.3325
cuda,v4,data/test_4096.png,4096,4096,16777216,64,42,30,254.8385,1233.3232,268.3594,80.1463,6.9340,4.3897
seq,O3,data/test_1024.png,1024,1024,1048576,128,42,30,17.8096,132.4104,4265.4794,3.9527,,
cuda,v1,data/test_1024.png,1024,1024,1048576,128,42,30,17.7872,131.0815,42.9998,1.0890,0.5702,0.3312
cuda,v2,data/test_1024.png,1024,1024,1048576,128,42,30,18.9150,127.5609,43.6787,1.1152,0.6022,0.3457
cuda,v3,data/test_1024.png,1024,1024,1048576,128,42,30,18.0203,127.0173,40.0808,1.1903,0.5761,0.3724
cuda,v4,data/test_1024.png,1024,1024,1048576,128,42,30,18.2227,128.6690,34.5591,1.0777,0.5654,0.3423
seq,O3,data/test_1024.png,1024,1024,1048576,256,42,30,17.3528,252.3620,8704.0086,1.2176,,
cuda,v1,data/test_1024.png,1024,1024,1048576,256,42,30,19.6236,243.0354,108.7307,1.1690,0.5826,0.3565
cuda,v2,data/test_1024.png,1024,1024,1048576,256,42,30,17.3323,244.1189,75.7863,1.1355,0.5616,0.3430
cuda,v3,data/test_1024.png,1024,1024,1048576,256,42,30,22.1589,244.5295,72.3504,1.2263,0.5729,0.3283
cuda,v4,data/test_1024.png,1024,1024,1048576,256,42,30,19.4534,243.9435,108.1203,1.1755,0.5622,0.3288
seq,O3,data/test_1024.png,1024,1024,1048576,512,42,30,17.7214,472.9441,17582.9238,1.1673,,
cuda,v1,data/test_1024.png,1024,1024,1048576,512,42,30,17.3765,498.4903,403.9624,1.1113,0.5747,0.3249
cuda,v2,data/test_1024.png,1024,1024,1048576,512,42,30,17.7376,480.6446,141.1624,1.1463,0.5673,0.3306
cuda,v3,data/test_1024.png,1024,1024,1048576,512,42,30,18.2455,479.9505,138.4326,1.1493,0.5684,0.3314
cuda,v4,data/test_1024.png,1024,1024,1048576,512,42,30,17.7031,477.5191,416.2332,1.2315,0.5748,0.3295
seq,O3,data/test_1024.png,1024,1024,1048576,1024,42,30,17.2382,945.6772,35174.0723,1.2655,,
cuda,v1,data/test_1024.png,1024,1024,1048576,1024,42,30,21.1936,948.5035,1066.5590,1.2951,0.5796,0.3346
cuda,v2,data/test_1024.png,1024,1024,1048576,1024,42,30,21.2302,951.0530,272.0009,1.2699,0.5602,0.3441
cuda,v3,data/test_1024.png,1024,1024,1048576,1024,42,30,19.2301,963.2610,271.0344,1.2163,0.5735,0.3405
cuda,v4,data/test_1024.png,1024,1024,1048576,1024,42,30,20.0506,919.4878,1173.0472,1.2788,0.5700,0.3496
